{
    "swagger": "2.0",
    "info": {
        "description": "This system enables drink orders and should not be used for the forbidden Hungover Games.",
        "title": "Order System",
        "contact": {
            "name": "Your Name"
        }
    },
    "paths": {
        "/api/menu": {
            "get": {
                "description": "Returns the menu of all drinks",
                "produces": [
                    "application/json"
                ],
                "tags": [
                    "Menu"
                ],
                "responses": {
                    "200": {
                        "description": "OK",
                        "schema": {
                            "type": "array",
                            "items": {
                                "$ref": "#/definitions/Drink"
                            }
                        }
                    }
                }
            }
        },
        "/api/order": {
            "post": {
                "description": "Adds an order to the db",
                "consumes": [
                    "application/json"
                ],
                "produces": [
                    "application/json"
                ],
                "tags": [
                    "Order"
                ],
                "parameters": [
                    {
                        "description": "Order",
                        "name": "b",
                        "in": "body",
                        "required": true,
                        "schema": {
                            "$ref": "#/definitions/Order"
                        }
                    }
                ],
                "responses": {
                    "200": {
                        "description": "OK"
                    },
                    "400": {
                        "description": "Bad Request"
                    }
                }
            }
        },
        "/api/order/all": {
            "get": {
                "description": "Returns all orders",
                "produces": [
                    "application/json"
                ],
                "tags": [
                    "Order"
                ],
                "responses": {
                    "200": {
                        "description": "OK",
                        "schema": {
                            "type": "array",
                            "items": {
                                "$ref": "#/definitions/Order"
                            }
                        }
                    }
                }
            }
        },
        "/api/order/totalled": {
            "get": {
                "description": "Returns a map of drink IDs and their total order amounts",
                "produces": [
                    "application/json"
                ],
                "tags": [
                    "Order"
                ],
                "responses": {
                    "200": {
                        "description": "OK",
                        "schema": {
                            "type": "object",
                            "additionalProperties": {
                                "type": "integer",
                                "format": "int64"
                            }
                        }
                    }
                }
            }
        }
    },
    "definitions": {
        "Drink": {
            "type": "object",
            "properties": {
                "description": {
                    "type": "string"
                },
                "id": {
                    "type": "integer"
                },
                "name": {
                    "type": "string"
                },
                "price": {
                    "type": "number"
                }
            }
        },
        "Order": {
            "type": "object",
            "properties": {
                "amount": {
                    "type": "integer"
                },
                "created_at": {
                    "type": "string"
                },
                "drink_id": {
                    "description": "foreign key",
                    "type": "integer"
                }
            }
        }
    }
}